arch,l_nm,vth_v,dibl_mv_per_v,ss_mv_per_dec,ioff_na_per_um
bulk,200,0.350,1.2,65.2,0.017
bulk,150,0.348,6.4,65.5,0.030
bulk,120,0.344,18.0,66.3,0.070
bulk,100,0.338,36.6,67.6,0.231
bulk,80,0.325,77.0,70.6,2.304
bulk,60,0.293,174.8,81.9,238.118
bulk,50,0.260,277.9,126.2,8115.220
bulk,40,0.197,471.5,350.8,146945.683
bulk,30,0.060,894.6,1295.4,909545.854
bulk,25,-0.078,1321.8,2526.8,1782866.585
bulk,20,-0.333,2109.5,4874.0,3360923.622
bulk,15,-0.885,3812.8,10051.4,6574922.656
soi,200,0.350,0.0,62.6,0.009
soi,150,0.350,0.0,62.6,0.012
soi,120,0.350,0.0,62.6,0.015
soi,100,0.350,0.1,62.6,0.017
soi,80,0.350,0.5,62.6,0.021
soi,60,0.349,3.1,62.8,0.032
soi,50,0.347,8.3,63.1,0.050
soi,40,0.343,22.2,64.0,0.133
soi,30,0.330,62.5,66.7,1.537
soi,25,0.315,109.0,70.4,18.632
soi,20,0.285,200.1,83.3,1144.415
soi,15,0.219,404.7,247.7,139880.776
dg,200,0.350,0.0,62.6,0.009
dg,150,0.350,0.0,62.6,0.012
dg,120,0.350,0.0,62.6,0.015
dg,100,0.350,0.0,62.6,0.017
dg,80,0.350,0.0,62.6,0.021
dg,60,0.350,0.3,62.6,0.027
dg,50,0.350,1.1,62.6,0.032
dg,40,0.349,4.4,62.8,0.046
dg,30,0.344,17.4,63.7,0.122
dg,25,0.338,35.6,64.9,0.391
dg,20,0.326,75.4,67.7,3.870
dg,15,0.294,171.5,77.8,422.298
